worker_count,throughput,avg_latency_ms,duration_s,worker_cpu_percent,redis_cpu_percent,scaling_efficiency
1,8.91,109748.29,224.329123000,0.07,0.27,8.9100
2,17.66,53943.99,113.141272000,0.12,0.25,8.8300
4,35.18,26063.98,56.849734000,0.21,0.41,8.7950
8,68.58,12320.28,29.162062000,0.27,0.33,8.5725
12,103.38,7632.95,19.336286000,0.48,0.51,8.6150
16,135.21,5230.91,14.776765000,0.59,0.49,8.4506
