worker_count,throughput,avg_latency_ms,duration_s,worker_cpu_percent,redis_cpu_percent,scaling_efficiency
1,8.86,110944.28,225.712224000,0.27,0.41,8.8600
2,17.50,54674.60,114.210777000,0.18,0.35,8.7500
4,34.49,26316.03,57.956148000,0.38,1.23,8.6225
8,67.17,12217.54,29.771053000,0.45,0.66,8.3962
12,95.97,7630.18,20.838031000,1.32,1.56,7.9975
16,127.47,5096.49,15.689075000,2.46,2.62,7.9668
