worker_count,throughput,avg_latency_ms,duration_s,worker_cpu_percent,redis_cpu_percent,scaling_efficiency
1,8.77,111667.63,227.977497000,0.13,0.69
2,17.51,54414.95,114.201230000,0.12,0.33
4,34.84,26145.85,57.370043000,0.27,1.06
8,68.34,11874.87,29.248000000,0.35,0.48
12,100.22,7426.95,19.954655000,0.81,0.96
16,128.62,4964.51,15.533226000,1.6,1.7
